Name of incident,Month,Year,Type,Affected
Signing of the Magna Carta,June,1215,Legal,English society
First English Parliament,January,1265,Political,English nobility
Start of the Hundred Years' War,Unknown,1337,Military,English and French populations
The Plague (Black Death) Arrives in England,Unknown,1348,Health,English population
Battle of Agincourt,October,1415,Military,English and French armies
Establishment of the Church of England,March,1534,Religious Reformation,English population
Act of Supremacy,November,1534,Legislation,English Church
Defeat of the Spanish Armada,August,1588,Military,English population
The Armada Portrait of Elizabeth I,Unknown,1588,Cultural,English society
Union of the Crowns,March,1603,Political,uniting the crowns
English Civil War Begins,August,1642,Civil War,English population
The Restoration of the Monarchy,May,1660,Political,English population
Great Fire of London,September,1666,Disaster,London's population
The Glorious Revolution,Unknown,1688,Political,English population
Act of Union with Scotland,May,1707,Union,Scottish and English populations
Industrial Revolution Begins,Unknown,1760,Industrial,Global population
Act of Union with Ireland,January,1801,Union,Creating the United Kingdom
Battle of Trafalgar,October,1805,Military,Napoleonic France
Abolition of the Slave Trade Act,March,1807,Legislation,British Empire